,precision,recall,f1-score,support
No Event,0.99963048625272,0.8837026417194466,0.9380986171001807,165309.0
Event,0.15162614182957504,0.9845272206303725,0.262781537990899,3490.0
accuracy,0.885787238076055,0.885787238076055,0.885787238076055,0.885787238076055
macro avg,0.5756283140411476,0.9341149311749095,0.6004400775455399,168799.0
weighted avg,0.9820975911405643,0.885787238076055,0.9241361137317283,168799.0
