{
  "No Event": {
    "precision": 0.9982218240555986,
    "recall": 0.8897277220236043,
    "f1-score": 0.940857377715088,
    "support": 165309.0
  },
  "Event": {
    "precision": 0.15044041571515124,
    "recall": 0.9249283667621776,
    "f1-score": 0.2587886318996272,
    "support": 3490.0
  },
  "accuracy": 0.8904555121772049,
  "macro avg": {
    "precision": 0.5743311198853749,
    "recall": 0.9073280443928909,
    "f1-score": 0.5998230048073576,
    "support": 168799.0
  },
  "weighted avg": {
    "precision": 0.9806935382535017,
    "recall": 0.8904555121772049,
    "f1-score": 0.9267552804106256,
    "support": 168799.0
  }
}