{
  "No Event": {
    "precision": 0.99963048625272,
    "recall": 0.8837026417194466,
    "f1-score": 0.9380986171001807,
    "support": 165309.0
  },
  "Event": {
    "precision": 0.15162614182957504,
    "recall": 0.9845272206303725,
    "f1-score": 0.262781537990899,
    "support": 3490.0
  },
  "accuracy": 0.885787238076055,
  "macro avg": {
    "precision": 0.5756283140411476,
    "recall": 0.9341149311749095,
    "f1-score": 0.6004400775455399,
    "support": 168799.0
  },
  "weighted avg": {
    "precision": 0.9820975911405643,
    "recall": 0.885787238076055,
    "f1-score": 0.9241361137317283,
    "support": 168799.0
  }
}