,No Event,Event
No Event,0.8837026417194466,0.11629735828055339
Event,0.015472779369627506,0.9845272206303725
