,No Event,Event
No Event,0.8897277220236043,0.11027227797639572
Event,0.07507163323782234,0.9249283667621776
