{
  "split": "test",
  "threshold": 0.35,
  "total": 168799,
  "true_negative": 147080,
  "false_positive": 18229,
  "false_negative": 262,
  "true_positive": 3228,
  "accuracy": 0.8904555121772049,
  "precision": 0.15044041571515124,
  "recall": 0.9249283667621776,
  "f1": 0.2587886318996272,
  "specificity": 0.8897277220236043,
  "roc_auc": 0.9196977645805309,
  "avg_precision": 0.17533912934670587
}