{
  "split": "test",
  "threshold": 0.35,
  "total": 168799,
  "true_negative": 146084,
  "false_positive": 19225,
  "false_negative": 54,
  "true_positive": 3436,
  "accuracy": 0.885787238076055,
  "precision": 0.15162614182957504,
  "recall": 0.9845272206303725,
  "f1": 0.262781537990899,
  "specificity": 0.8837026417194466,
  "roc_auc": 0.9442731794053962,
  "avg_precision": 0.18745260062513147
}