{"Aceh, Indonesia": [4.3685491, 97.0253024], "Agusan del Norte, Philippines": [8.92, 125.46], "Bataan, Philippines": [14.6436031, 120.4657622], "Batd\u00e2mb\u00e2ng, Cambodia": [13.0998526, 103.1966659], "Biliran, Philippines": [11.6, 124.49], "Bukidnon, Philippines": [8.022778, 124.998611], "B\u00e2nt\u00e9ay M\u00e9anchey, Cambodia": [13.7989147, 102.8862666], "B\u00ecnh Ph\u01b0\u1edbc, Vietnam": [11.8000378, 106.9151381], "B\u00ecnh Thu\u1eadn, Vietnam": [10.9685906, 108.0032715], "Camarines Norte, Philippines": [14.166667, 122.75], "Cao B\u1eb1ng, Vietnam": [22.7426936, 106.1060926], "Capiz, Philippines": [11.3852987, 122.6377315], "Chiang Mai, Thailand": [18.7882778, 98.9858802], "Chiang Rai, Thailand": [19.7589517, 99.6734592], "Chon Buri, Thailand": [13.1857117, 101.1210777], "Chumphon, Thailand": [10.3782724, 99.0077685], "Compostela Valley, Philippines": [7.45, 126.07], "C\u1ea7n Th\u01a1, Vietnam": [10.0362046, 105.7872656], "Gia Lai, Vietnam": [14.0201373, 108.6354524], "Gorontalo, Indonesia": [0.7186174, 122.4555927], "H\u00e0 Giang, Vietnam": [22.8168007, 104.9504515], "H\u00e0 Nam, Vietnam": [20.5340294, 105.9810248], "H\u00e0 T\u0129nh, Vietnam": [18.3504832, 105.7623047], "Jakarta Raya, Indonesia": [-6.1754049, 106.827168], "Jambi, Indonesia": [-1.7069965, 102.7140041], "Jawa Tengah, Indonesia": [-7.3032412, 110.0044145], "Jawa Timur, Indonesia": [-7.6977397, 112.4914199], "Johor, Malaysia": [2.0228821, 103.3114564], "Kachin, Myanmar": [26.0207656, 97.4919258], "Kalasin, Thailand": [16.5912597, 103.6525467], "Kalimantan Barat, Indonesia": [-0.1322387, 111.0968901], "Kalimantan Tengah, Indonesia": [-1.499583, 113.2903307], "Kanchanaburi, Thailand": [14.44019, 99.2676727], "Kedah, Malaysia": [5.8098265, 100.6715035], "Khon Kaen, Thailand": [16.6022387, 102.6352933], "Krabi, Thailand": [8.1111653, 99.1097298], "Krong Pailin, Cambodia": null, "Kr\u00e2ch\u00e9h, Cambodia": [12.4827773, 106.0413554], "Kuala Lumpur, Malaysia": [3.1516964, 101.6942371], "K\u00e2mp\u00f3ng Sp\u0153, Cambodia": [11.5775368, 104.2714023], "Lai Ch\u00e2u, Vietnam": [22.2921668, 103.1798662], "Lampang, Thailand": [18.6799728, 99.7332501], "Lampung, Indonesia": [-4.8555039, 105.0272986], "Lop Buri, Thailand": [15.026458, 100.8089178], "L\u00e0o Cai, Vietnam": [22.3069302, 104.1829592], "L\u1ea1ng S\u01a1n, Vietnam": [21.8487579, 106.6140692], "Maluku Utara, Indonesia": [0.6301215, 127.9720219], "Manatuto, Timor-Leste": [-8.76725, 125.9340661], "Marinduque, Philippines": [13.416667, 121.95], "Nakhon Si Thammarat, Thailand": [8.6772337, 99.7309635], "Narathiwat, Thailand": [6.3210758, 101.5972971], "Otdar Mean Chey, Cambodia": null, "Papua, Indonesia": [-2.4749149, 138.08485], "Phangnga, Thailand": [8.5010944, 98.5068054], "Phnom Penh, Cambodia": [11.5730391, 104.857807], "Phra Nakhon Si Ayutthaya, Thailand": [14.3189468, 100.5111681], "Ph\u00fa Y\u00ean, Vietnam": [13.1998999, 109.2390033], "Pulau Pinang, Malaysia": [5.4065013, 100.2559077], "Qu\u1ea3ng B\u00ecnh, Vietnam": [17.5157162, 106.6225405], "Qu\u1ea3ng Nam, Vietnam": [11.9537073, 108.4306103], "Rakhine, Myanmar": [19.5317229, 93.9966846], "Ranong, Thailand": [10.0469546, 98.6870133], "Riau, Indonesia": [1.0498079, 101.6548433], "Rizal, Philippines": [14.65, 121.25], "Sabah, Malaysia": [5.4257359, 117.0326392], "Sagaing, Myanmar": [24.4741444, 95.4788047], "Sarawak, Malaysia": [2.5023855, 112.9547283], "Selangor, Malaysia": [3.2083304, 101.304146], "Sulawesi Barat, Indonesia": [-2.4974546, 119.3918955], "Sulawesi Selatan, Indonesia": [-3.6446718, 119.9471906], "Sumatera Barat, Indonesia": [-0.5827529, 100.6133379], "Tanintharyi, Myanmar": [12.1091546, 98.8165256], "Trang, Thailand": [7.5892935, 99.5032004], "Trengganu, Malaysia": [4.8630743, 102.9949297], "Ubon Ratchathani, Thailand": [15.1879684, 105.3269544], "\u0110i\u1ec7n Bi\u00ean, Vietnam": [21.6546566, 103.2168632], "\u0110\u00e0 N\u1eb5ng, Vietnam": [16.068, 108.212], "\u0110\u1eafk L\u1eafk, Vietnam": [12.8741856, 108.7979302], "\u0110\u1ed3ng Th\u00e1p, Vietnam": [10.425183, 105.9271362]}