{
  "threshold": 0.7200000000000002,
  "f1": 0.7472527472527473,
  "precision": 0.7906976744186046,
  "recall": 0.7083333333333334,
  "roc_auc": 0.8897569444444444,
  "avg_prec": 0.8405301240646432,
  "device": "cpu"
}