{
  "threshold": 0.5100000000000001,
  "f1": 0.7555555555555555,
  "precision": 0.7391304347826086,
  "recall": 0.7727272727272727,
  "roc_auc": 0.8545454545454546,
  "avg_prec": 0.7743108284372625,
  "device": "cuda"
}