{
  "threshold": 0.4700000000000001,
  "f1": 0.6666666666666666,
  "precision": 0.5652173913043478,
  "recall": 0.8125,
  "roc_auc": 0.8072916666666666,
  "avg_prec": 0.7211929851575962,
  "device": "cpu"
}