{
  "threshold": 0.39000000000000007,
  "f1": 0.9065420560747663,
  "precision": 0.8981481481481481,
  "recall": 0.9150943396226415,
  "roc_auc": 0.9613340419877757,
  "avg_prec": 0.9583849324560074,
  "device": "cuda"
}