{
  "threshold": 0.27,
  "f1": 0.9061784897025171,
  "precision": 0.88,
  "recall": 0.9339622641509434,
  "roc_auc": 0.9641686597572858,
  "avg_prec": 0.9604271225086297,
  "device": "cpu"
}